[
{
  "model": "admin.logentry",
  "pk": 1,
  "fields": {
    "action_time": "2024-03-26T22:15:14.624Z",
    "user": 1,
    "content_type": 7,
    "object_id": "1",
    "object_repr": "first post",
    "action_flag": 1,
    "change_message": "[{\"added\": {}}]"
  }
},
{
  "model": "admin.logentry",
  "pk": 2,
  "fields": {
    "action_time": "2024-03-26T22:48:38.863Z",
    "user": 1,
    "content_type": 7,
    "object_id": "2",
    "object_repr": "First post",
    "action_flag": 1,
    "change_message": "[{\"added\": {}}]"
  }
},
{
  "model": "admin.logentry",
  "pk": 3,
  "fields": {
    "action_time": "2024-03-27T23:11:16.519Z",
    "user": 1,
    "content_type": 7,
    "object_id": "3",
    "object_repr": "First post",
    "action_flag": 1,
    "change_message": "[{\"added\": {}}]"
  }
},
{
  "model": "admin.logentry",
  "pk": 4,
  "fields": {
    "action_time": "2024-03-27T23:11:29.665Z",
    "user": 1,
    "content_type": 7,
    "object_id": "2",
    "object_repr": "First post",
    "action_flag": 3,
    "change_message": ""
  }
},
{
  "model": "admin.logentry",
  "pk": 5,
  "fields": {
    "action_time": "2024-03-27T23:11:34.339Z",
    "user": 1,
    "content_type": 7,
    "object_id": "3",
    "object_repr": "First post",
    "action_flag": 2,
    "change_message": "[]"
  }
},
{
  "model": "admin.logentry",
  "pk": 6,
  "fields": {
    "action_time": "2024-03-27T23:11:59.392Z",
    "user": 1,
    "content_type": 7,
    "object_id": "4",
    "object_repr": "Second post",
    "action_flag": 1,
    "change_message": "[{\"added\": {}}]"
  }
},
{
  "model": "admin.logentry",
  "pk": 7,
  "fields": {
    "action_time": "2024-03-28T22:37:57.697Z",
    "user": 1,
    "content_type": 7,
    "object_id": "5",
    "object_repr": "Свобода",
    "action_flag": 1,
    "change_message": "[{\"added\": {}}]"
  }
},
{
  "model": "admin.logentry",
  "pk": 8,
  "fields": {
    "action_time": "2024-03-28T22:38:27.122Z",
    "user": 1,
    "content_type": 7,
    "object_id": "6",
    "object_repr": "Потеря",
    "action_flag": 1,
    "change_message": "[{\"added\": {}}]"
  }
},
{
  "model": "admin.logentry",
  "pk": 9,
  "fields": {
    "action_time": "2024-03-28T22:38:33.945Z",
    "user": 1,
    "content_type": 7,
    "object_id": "6",
    "object_repr": "Потеря",
    "action_flag": 2,
    "change_message": "[{\"changed\": {\"fields\": [\"Status\"]}}]"
  }
},
{
  "model": "admin.logentry",
  "pk": 10,
  "fields": {
    "action_time": "2024-03-28T22:39:01.278Z",
    "user": 1,
    "content_type": 7,
    "object_id": "7",
    "object_repr": "Тоска",
    "action_flag": 1,
    "change_message": "[{\"added\": {}}]"
  }
},
{
  "model": "admin.logentry",
  "pk": 11,
  "fields": {
    "action_time": "2024-03-28T22:39:28.032Z",
    "user": 1,
    "content_type": 7,
    "object_id": "8",
    "object_repr": "Россия",
    "action_flag": 1,
    "change_message": "[{\"added\": {}}]"
  }
},
{
  "model": "admin.logentry",
  "pk": 12,
  "fields": {
    "action_time": "2024-03-28T22:39:32.265Z",
    "user": 1,
    "content_type": 7,
    "object_id": "8",
    "object_repr": "Россия",
    "action_flag": 2,
    "change_message": "[{\"changed\": {\"fields\": [\"Status\"]}}]"
  }
},
{
  "model": "admin.logentry",
  "pk": 13,
  "fields": {
    "action_time": "2024-03-29T22:20:58.210Z",
    "user": 1,
    "content_type": 7,
    "object_id": "9",
    "object_repr": "Счастие прощай",
    "action_flag": 1,
    "change_message": "[{\"added\": {}}]"
  }
},
{
  "model": "admin.logentry",
  "pk": 14,
  "fields": {
    "action_time": "2024-03-30T17:54:09.590Z",
    "user": 1,
    "content_type": 7,
    "object_id": "10",
    "object_repr": "Я люблю Настю",
    "action_flag": 1,
    "change_message": "[{\"added\": {}}]"
  }
},
{
  "model": "admin.logentry",
  "pk": 15,
  "fields": {
    "action_time": "2024-04-02T18:43:11.476Z",
    "user": 1,
    "content_type": 8,
    "object_id": "1",
    "object_repr": "Comment by Герман on Я люблю Настю",
    "action_flag": 3,
    "change_message": ""
  }
},
{
  "model": "admin.logentry",
  "pk": 16,
  "fields": {
    "action_time": "2024-04-02T18:43:11.480Z",
    "user": 1,
    "content_type": 8,
    "object_id": "2",
    "object_repr": "Comment by Герман on Я люблю Настю",
    "action_flag": 3,
    "change_message": ""
  }
},
{
  "model": "admin.logentry",
  "pk": 17,
  "fields": {
    "action_time": "2024-04-04T19:18:16.605Z",
    "user": 1,
    "content_type": 7,
    "object_id": "11",
    "object_repr": "Car good",
    "action_flag": 1,
    "change_message": "[{\"added\": {}}]"
  }
},
{
  "model": "admin.logentry",
  "pk": 18,
  "fields": {
    "action_time": "2024-04-04T19:18:59.166Z",
    "user": 1,
    "content_type": 7,
    "object_id": "11",
    "object_repr": "Car good",
    "action_flag": 3,
    "change_message": ""
  }
},
{
  "model": "admin.logentry",
  "pk": 19,
  "fields": {
    "action_time": "2024-04-04T19:34:28.579Z",
    "user": 1,
    "content_type": 7,
    "object_id": "10",
    "object_repr": "Я люблю Настю",
    "action_flag": 2,
    "change_message": "[{\"changed\": {\"fields\": [\"Tags\"]}}]"
  }
},
{
  "model": "admin.logentry",
  "pk": 20,
  "fields": {
    "action_time": "2024-04-04T19:34:41.271Z",
    "user": 1,
    "content_type": 7,
    "object_id": "9",
    "object_repr": "Счастие прощай",
    "action_flag": 2,
    "change_message": "[{\"changed\": {\"fields\": [\"Tags\"]}}]"
  }
},
{
  "model": "admin.logentry",
  "pk": 21,
  "fields": {
    "action_time": "2024-04-04T19:35:09.045Z",
    "user": 1,
    "content_type": 7,
    "object_id": "8",
    "object_repr": "Россия",
    "action_flag": 2,
    "change_message": "[{\"changed\": {\"fields\": [\"Tags\"]}}]"
  }
},
{
  "model": "admin.logentry",
  "pk": 22,
  "fields": {
    "action_time": "2024-04-04T19:36:48.752Z",
    "user": 1,
    "content_type": 7,
    "object_id": "6",
    "object_repr": "Потеря",
    "action_flag": 2,
    "change_message": "[{\"changed\": {\"fields\": [\"Tags\"]}}]"
  }
},
{
  "model": "admin.logentry",
  "pk": 23,
  "fields": {
    "action_time": "2024-04-04T19:38:40.216Z",
    "user": 1,
    "content_type": 7,
    "object_id": "10",
    "object_repr": "Я люблю Настю",
    "action_flag": 2,
    "change_message": "[{\"changed\": {\"fields\": [\"Tags\"]}}]"
  }
},
{
  "model": "admin.logentry",
  "pk": 24,
  "fields": {
    "action_time": "2024-04-04T20:04:01.385Z",
    "user": 1,
    "content_type": 9,
    "object_id": "2",
    "object_repr": "car",
    "action_flag": 3,
    "change_message": ""
  }
},
{
  "model": "admin.logentry",
  "pk": 25,
  "fields": {
    "action_time": "2024-04-04T20:04:07.808Z",
    "user": 1,
    "content_type": 9,
    "object_id": "4",
    "object_repr": "цитатка",
    "action_flag": 3,
    "change_message": ""
  }
},
{
  "model": "admin.logentry",
  "pk": 26,
  "fields": {
    "action_time": "2024-04-04T20:04:11.754Z",
    "user": 1,
    "content_type": 9,
    "object_id": "3",
    "object_repr": "любовь",
    "action_flag": 3,
    "change_message": ""
  }
},
{
  "model": "admin.logentry",
  "pk": 27,
  "fields": {
    "action_time": "2024-04-04T20:04:15.761Z",
    "user": 1,
    "content_type": 9,
    "object_id": "5",
    "object_repr": "Россия",
    "action_flag": 3,
    "change_message": ""
  }
},
{
  "model": "admin.logentry",
  "pk": 28,
  "fields": {
    "action_time": "2024-04-04T20:04:19.660Z",
    "user": 1,
    "content_type": 9,
    "object_id": "6",
    "object_repr": "lostMind",
    "action_flag": 3,
    "change_message": ""
  }
},
{
  "model": "admin.logentry",
  "pk": 29,
  "fields": {
    "action_time": "2024-04-04T20:05:12.929Z",
    "user": 1,
    "content_type": 7,
    "object_id": "10",
    "object_repr": "Я люблю Настю",
    "action_flag": 2,
    "change_message": "[{\"changed\": {\"fields\": [\"Tags\"]}}]"
  }
},
{
  "model": "admin.logentry",
  "pk": 30,
  "fields": {
    "action_time": "2024-04-04T20:05:32.105Z",
    "user": 1,
    "content_type": 7,
    "object_id": "10",
    "object_repr": "Я люблю Настю",
    "action_flag": 2,
    "change_message": "[{\"changed\": {\"fields\": [\"Tags\"]}}]"
  }
},
{
  "model": "admin.logentry",
  "pk": 31,
  "fields": {
    "action_time": "2024-04-04T20:05:45.426Z",
    "user": 1,
    "content_type": 9,
    "object_id": "9",
    "object_repr": "бля",
    "action_flag": 3,
    "change_message": ""
  }
},
{
  "model": "admin.logentry",
  "pk": 32,
  "fields": {
    "action_time": "2024-04-04T20:06:14.501Z",
    "user": 1,
    "content_type": 7,
    "object_id": "3",
    "object_repr": "First post",
    "action_flag": 2,
    "change_message": "[{\"changed\": {\"fields\": [\"Tags\"]}}]"
  }
},
{
  "model": "admin.logentry",
  "pk": 33,
  "fields": {
    "action_time": "2024-04-04T20:06:23.970Z",
    "user": 1,
    "content_type": 7,
    "object_id": "4",
    "object_repr": "Second post",
    "action_flag": 2,
    "change_message": "[{\"changed\": {\"fields\": [\"Tags\"]}}]"
  }
},
{
  "model": "admin.logentry",
  "pk": 34,
  "fields": {
    "action_time": "2024-04-04T20:06:49.751Z",
    "user": 1,
    "content_type": 7,
    "object_id": "5",
    "object_repr": "Свобода",
    "action_flag": 2,
    "change_message": "[{\"changed\": {\"fields\": [\"Tags\"]}}]"
  }
},
{
  "model": "admin.logentry",
  "pk": 35,
  "fields": {
    "action_time": "2024-04-04T20:06:57.217Z",
    "user": 1,
    "content_type": 7,
    "object_id": "6",
    "object_repr": "Потеря",
    "action_flag": 2,
    "change_message": "[{\"changed\": {\"fields\": [\"Tags\"]}}]"
  }
},
{
  "model": "admin.logentry",
  "pk": 36,
  "fields": {
    "action_time": "2024-04-04T20:07:39.609Z",
    "user": 1,
    "content_type": 7,
    "object_id": "7",
    "object_repr": "Тоска",
    "action_flag": 2,
    "change_message": "[{\"changed\": {\"fields\": [\"Tags\"]}}]"
  }
},
{
  "model": "admin.logentry",
  "pk": 37,
  "fields": {
    "action_time": "2024-04-04T20:07:49.896Z",
    "user": 1,
    "content_type": 7,
    "object_id": "8",
    "object_repr": "Россия",
    "action_flag": 2,
    "change_message": "[{\"changed\": {\"fields\": [\"Tags\"]}}]"
  }
},
{
  "model": "admin.logentry",
  "pk": 38,
  "fields": {
    "action_time": "2024-04-04T20:08:08.789Z",
    "user": 1,
    "content_type": 7,
    "object_id": "9",
    "object_repr": "Счастие прощай",
    "action_flag": 2,
    "change_message": "[{\"changed\": {\"fields\": [\"Tags\"]}}]"
  }
},
{
  "model": "admin.logentry",
  "pk": 39,
  "fields": {
    "action_time": "2024-04-04T20:08:24.813Z",
    "user": 1,
    "content_type": 7,
    "object_id": "10",
    "object_repr": "Я люблю Настю",
    "action_flag": 2,
    "change_message": "[{\"changed\": {\"fields\": [\"Tags\"]}}]"
  }
},
{
  "model": "admin.logentry",
  "pk": 40,
  "fields": {
    "action_time": "2024-04-04T20:08:34.297Z",
    "user": 1,
    "content_type": 7,
    "object_id": "10",
    "object_repr": "Я люблю Настю",
    "action_flag": 2,
    "change_message": "[{\"changed\": {\"fields\": [\"Tags\"]}}]"
  }
},
{
  "model": "admin.logentry",
  "pk": 41,
  "fields": {
    "action_time": "2024-04-05T21:25:46.926Z",
    "user": 1,
    "content_type": 7,
    "object_id": "12",
    "object_repr": "Дизайн",
    "action_flag": 1,
    "change_message": "[{\"added\": {}}]"
  }
},
{
  "model": "admin.logentry",
  "pk": 42,
  "fields": {
    "action_time": "2024-04-05T21:26:51.206Z",
    "user": 1,
    "content_type": 8,
    "object_id": "7",
    "object_repr": "Comment by German on Дизайн",
    "action_flag": 3,
    "change_message": ""
  }
},
{
  "model": "admin.logentry",
  "pk": 43,
  "fields": {
    "action_time": "2024-04-05T21:51:55.711Z",
    "user": 1,
    "content_type": 7,
    "object_id": "13",
    "object_repr": "Markdown post",
    "action_flag": 1,
    "change_message": "[{\"added\": {}}]"
  }
},
{
  "model": "admin.logentry",
  "pk": 44,
  "fields": {
    "action_time": "2024-04-05T21:52:18.548Z",
    "user": 1,
    "content_type": 7,
    "object_id": "13",
    "object_repr": "Markdown post",
    "action_flag": 2,
    "change_message": "[{\"changed\": {\"fields\": [\"Status\"]}}]"
  }
},
{
  "model": "admin.logentry",
  "pk": 45,
  "fields": {
    "action_time": "2024-04-05T21:53:35.150Z",
    "user": 1,
    "content_type": 7,
    "object_id": "13",
    "object_repr": "Markdown post",
    "action_flag": 2,
    "change_message": "[{\"changed\": {\"fields\": [\"Body\"]}}]"
  }
},
{
  "model": "admin.logentry",
  "pk": 46,
  "fields": {
    "action_time": "2024-04-05T21:54:26.899Z",
    "user": 1,
    "content_type": 7,
    "object_id": "13",
    "object_repr": "Markdown post",
    "action_flag": 2,
    "change_message": "[{\"changed\": {\"fields\": [\"Body\"]}}]"
  }
},
{
  "model": "admin.logentry",
  "pk": 47,
  "fields": {
    "action_time": "2024-04-05T21:55:31.825Z",
    "user": 1,
    "content_type": 7,
    "object_id": "13",
    "object_repr": "Markdown post",
    "action_flag": 2,
    "change_message": "[{\"changed\": {\"fields\": [\"Body\"]}}]"
  }
},
{
  "model": "admin.logentry",
  "pk": 48,
  "fields": {
    "action_time": "2024-04-05T22:21:52.752Z",
    "user": 1,
    "content_type": 11,
    "object_id": "1",
    "object_repr": "localhost:8000",
    "action_flag": 2,
    "change_message": "[{\"changed\": {\"fields\": [\"Domain name\", \"Display name\"]}}]"
  }
},
{
  "model": "auth.permission",
  "pk": 1,
  "fields": {
    "name": "Can add log entry",
    "content_type": 1,
    "codename": "add_logentry"
  }
},
{
  "model": "auth.permission",
  "pk": 2,
  "fields": {
    "name": "Can change log entry",
    "content_type": 1,
    "codename": "change_logentry"
  }
},
{
  "model": "auth.permission",
  "pk": 3,
  "fields": {
    "name": "Can delete log entry",
    "content_type": 1,
    "codename": "delete_logentry"
  }
},
{
  "model": "auth.permission",
  "pk": 4,
  "fields": {
    "name": "Can view log entry",
    "content_type": 1,
    "codename": "view_logentry"
  }
},
{
  "model": "auth.permission",
  "pk": 5,
  "fields": {
    "name": "Can add permission",
    "content_type": 2,
    "codename": "add_permission"
  }
},
{
  "model": "auth.permission",
  "pk": 6,
  "fields": {
    "name": "Can change permission",
    "content_type": 2,
    "codename": "change_permission"
  }
},
{
  "model": "auth.permission",
  "pk": 7,
  "fields": {
    "name": "Can delete permission",
    "content_type": 2,
    "codename": "delete_permission"
  }
},
{
  "model": "auth.permission",
  "pk": 8,
  "fields": {
    "name": "Can view permission",
    "content_type": 2,
    "codename": "view_permission"
  }
},
{
  "model": "auth.permission",
  "pk": 9,
  "fields": {
    "name": "Can add group",
    "content_type": 3,
    "codename": "add_group"
  }
},
{
  "model": "auth.permission",
  "pk": 10,
  "fields": {
    "name": "Can change group",
    "content_type": 3,
    "codename": "change_group"
  }
},
{
  "model": "auth.permission",
  "pk": 11,
  "fields": {
    "name": "Can delete group",
    "content_type": 3,
    "codename": "delete_group"
  }
},
{
  "model": "auth.permission",
  "pk": 12,
  "fields": {
    "name": "Can view group",
    "content_type": 3,
    "codename": "view_group"
  }
},
{
  "model": "auth.permission",
  "pk": 13,
  "fields": {
    "name": "Can add user",
    "content_type": 4,
    "codename": "add_user"
  }
},
{
  "model": "auth.permission",
  "pk": 14,
  "fields": {
    "name": "Can change user",
    "content_type": 4,
    "codename": "change_user"
  }
},
{
  "model": "auth.permission",
  "pk": 15,
  "fields": {
    "name": "Can delete user",
    "content_type": 4,
    "codename": "delete_user"
  }
},
{
  "model": "auth.permission",
  "pk": 16,
  "fields": {
    "name": "Can view user",
    "content_type": 4,
    "codename": "view_user"
  }
},
{
  "model": "auth.permission",
  "pk": 17,
  "fields": {
    "name": "Can add content type",
    "content_type": 5,
    "codename": "add_contenttype"
  }
},
{
  "model": "auth.permission",
  "pk": 18,
  "fields": {
    "name": "Can change content type",
    "content_type": 5,
    "codename": "change_contenttype"
  }
},
{
  "model": "auth.permission",
  "pk": 19,
  "fields": {
    "name": "Can delete content type",
    "content_type": 5,
    "codename": "delete_contenttype"
  }
},
{
  "model": "auth.permission",
  "pk": 20,
  "fields": {
    "name": "Can view content type",
    "content_type": 5,
    "codename": "view_contenttype"
  }
},
{
  "model": "auth.permission",
  "pk": 21,
  "fields": {
    "name": "Can add session",
    "content_type": 6,
    "codename": "add_session"
  }
},
{
  "model": "auth.permission",
  "pk": 22,
  "fields": {
    "name": "Can change session",
    "content_type": 6,
    "codename": "change_session"
  }
},
{
  "model": "auth.permission",
  "pk": 23,
  "fields": {
    "name": "Can delete session",
    "content_type": 6,
    "codename": "delete_session"
  }
},
{
  "model": "auth.permission",
  "pk": 24,
  "fields": {
    "name": "Can view session",
    "content_type": 6,
    "codename": "view_session"
  }
},
{
  "model": "auth.permission",
  "pk": 25,
  "fields": {
    "name": "Can add post",
    "content_type": 7,
    "codename": "add_post"
  }
},
{
  "model": "auth.permission",
  "pk": 26,
  "fields": {
    "name": "Can change post",
    "content_type": 7,
    "codename": "change_post"
  }
},
{
  "model": "auth.permission",
  "pk": 27,
  "fields": {
    "name": "Can delete post",
    "content_type": 7,
    "codename": "delete_post"
  }
},
{
  "model": "auth.permission",
  "pk": 28,
  "fields": {
    "name": "Can view post",
    "content_type": 7,
    "codename": "view_post"
  }
},
{
  "model": "auth.permission",
  "pk": 29,
  "fields": {
    "name": "Can add comment",
    "content_type": 8,
    "codename": "add_comment"
  }
},
{
  "model": "auth.permission",
  "pk": 30,
  "fields": {
    "name": "Can change comment",
    "content_type": 8,
    "codename": "change_comment"
  }
},
{
  "model": "auth.permission",
  "pk": 31,
  "fields": {
    "name": "Can delete comment",
    "content_type": 8,
    "codename": "delete_comment"
  }
},
{
  "model": "auth.permission",
  "pk": 32,
  "fields": {
    "name": "Can view comment",
    "content_type": 8,
    "codename": "view_comment"
  }
},
{
  "model": "auth.permission",
  "pk": 33,
  "fields": {
    "name": "Can add tag",
    "content_type": 9,
    "codename": "add_tag"
  }
},
{
  "model": "auth.permission",
  "pk": 34,
  "fields": {
    "name": "Can change tag",
    "content_type": 9,
    "codename": "change_tag"
  }
},
{
  "model": "auth.permission",
  "pk": 35,
  "fields": {
    "name": "Can delete tag",
    "content_type": 9,
    "codename": "delete_tag"
  }
},
{
  "model": "auth.permission",
  "pk": 36,
  "fields": {
    "name": "Can view tag",
    "content_type": 9,
    "codename": "view_tag"
  }
},
{
  "model": "auth.permission",
  "pk": 37,
  "fields": {
    "name": "Can add tagged item",
    "content_type": 10,
    "codename": "add_taggeditem"
  }
},
{
  "model": "auth.permission",
  "pk": 38,
  "fields": {
    "name": "Can change tagged item",
    "content_type": 10,
    "codename": "change_taggeditem"
  }
},
{
  "model": "auth.permission",
  "pk": 39,
  "fields": {
    "name": "Can delete tagged item",
    "content_type": 10,
    "codename": "delete_taggeditem"
  }
},
{
  "model": "auth.permission",
  "pk": 40,
  "fields": {
    "name": "Can view tagged item",
    "content_type": 10,
    "codename": "view_taggeditem"
  }
},
{
  "model": "auth.permission",
  "pk": 41,
  "fields": {
    "name": "Can add site",
    "content_type": 11,
    "codename": "add_site"
  }
},
{
  "model": "auth.permission",
  "pk": 42,
  "fields": {
    "name": "Can change site",
    "content_type": 11,
    "codename": "change_site"
  }
},
{
  "model": "auth.permission",
  "pk": 43,
  "fields": {
    "name": "Can delete site",
    "content_type": 11,
    "codename": "delete_site"
  }
},
{
  "model": "auth.permission",
  "pk": 44,
  "fields": {
    "name": "Can view site",
    "content_type": 11,
    "codename": "view_site"
  }
},
{
  "model": "auth.user",
  "pk": 1,
  "fields": {
    "password": "pbkdf2_sha256$720000$Jf7NE4VZIEJx0e2e7Woxli$75srAnVe/0W4Aftg7xiTGJVh34Vc8vto16N3ZExzUeU=",
    "last_login": "2024-03-28T22:37:24.507Z",
    "is_superuser": true,
    "username": "root",
    "first_name": "",
    "last_name": "",
    "email": "root@com.ru",
    "is_staff": true,
    "is_active": true,
    "date_joined": "2024-03-26T22:10:51.130Z",
    "groups": [],
    "user_permissions": []
  }
},
{
  "model": "contenttypes.contenttype",
  "pk": 1,
  "fields": {
    "app_label": "admin",
    "model": "logentry"
  }
},
{
  "model": "contenttypes.contenttype",
  "pk": 2,
  "fields": {
    "app_label": "auth",
    "model": "permission"
  }
},
{
  "model": "contenttypes.contenttype",
  "pk": 3,
  "fields": {
    "app_label": "auth",
    "model": "group"
  }
},
{
  "model": "contenttypes.contenttype",
  "pk": 4,
  "fields": {
    "app_label": "auth",
    "model": "user"
  }
},
{
  "model": "contenttypes.contenttype",
  "pk": 5,
  "fields": {
    "app_label": "contenttypes",
    "model": "contenttype"
  }
},
{
  "model": "contenttypes.contenttype",
  "pk": 6,
  "fields": {
    "app_label": "sessions",
    "model": "session"
  }
},
{
  "model": "contenttypes.contenttype",
  "pk": 7,
  "fields": {
    "app_label": "blog",
    "model": "post"
  }
},
{
  "model": "contenttypes.contenttype",
  "pk": 8,
  "fields": {
    "app_label": "blog",
    "model": "comment"
  }
},
{
  "model": "contenttypes.contenttype",
  "pk": 9,
  "fields": {
    "app_label": "taggit",
    "model": "tag"
  }
},
{
  "model": "contenttypes.contenttype",
  "pk": 10,
  "fields": {
    "app_label": "taggit",
    "model": "taggeditem"
  }
},
{
  "model": "contenttypes.contenttype",
  "pk": 11,
  "fields": {
    "app_label": "sites",
    "model": "site"
  }
},
{
  "model": "sessions.session",
  "pk": "z05c6cylkrsl7n9tujsgktb90a5rdpex",
  "fields": {
    "session_data": ".eJxVjMsOwiAQRf-FtSG8hoJL934DGWCQqoGktCvjv2uTLnR7zzn3xQJuaw3boCXMmZ2ZZKffLWJ6UNtBvmO7dZ56W5c58l3hBx382jM9L4f7d1Bx1G8dCyE6owQoQeilBe-0F1hKycqZSUEBsDJLM-mkhdMlWhHByEjWiqTZ-wPX_zc6:1rpyNA:rkWaSIC4kxWoUW_x6_B6Ov2DlvkvYpYjZ2T3R8pJYog",
    "expire_date": "2024-04-11T22:37:24.508Z"
  }
},
{
  "model": "blog.post",
  "pk": 3,
  "fields": {
    "title": "First post",
    "slug": "first-post",
    "author": 1,
    "body": "It's the first post on my blog, with help Django",
    "publish": "2024-03-27T23:10:24Z",
    "created": "2024-03-27T23:11:16.516Z",
    "updated": "2024-04-04T20:06:14.492Z",
    "status": "PB"
  }
},
{
  "model": "blog.post",
  "pk": 4,
  "fields": {
    "title": "Second post",
    "slug": "second-post",
    "author": 1,
    "body": "I gonna eat something",
    "publish": "2024-03-27T23:11:36Z",
    "created": "2024-03-27T23:11:59.390Z",
    "updated": "2024-04-04T20:06:23.963Z",
    "status": "PB"
  }
},
{
  "model": "blog.post",
  "pk": 5,
  "fields": {
    "title": "Свобода",
    "slug": "svoboda",
    "author": 1,
    "body": "Свобода кажется нам сном\r\nНарод мы серых очертаний \r\nИ страх извечен за окном\r\nТворит всеобщий культ страданий\r\nУвы, утомительной весной\r\nВокруг руины не воспрянут\r\nИ люд под солнечной тоской\r\nОпять останется обманут",
    "publish": "2024-03-28T22:37:27Z",
    "created": "2024-03-28T22:37:57.695Z",
    "updated": "2024-04-04T20:06:49.742Z",
    "status": "PB"
  }
},
{
  "model": "blog.post",
  "pk": 6,
  "fields": {
    "title": "Потеря",
    "slug": "poterya",
    "author": 1,
    "body": "Писал об этом я однажды\r\nСомкнув глаза едва дышу\r\nРассудок бренный ночью каждой\r\nТеряю то, чем дорожу\r\nВо сне, подавшись темноте \r\nУтратил прежнюю я душу\r\nМне не найти себя нигде\r\nВедь сам себе,увы, не нужен",
    "publish": "2024-03-28T22:38:01Z",
    "created": "2024-03-28T22:38:27.119Z",
    "updated": "2024-04-04T20:06:57.208Z",
    "status": "PB"
  }
},
{
  "model": "blog.post",
  "pk": 7,
  "fields": {
    "title": "Тоска",
    "slug": "toska",
    "author": 1,
    "body": "Потухла жизни красота \r\nНадежда верно засыпает\r\nВ цепях бесцветного двора\r\nВ безвольном сердце Вера тает\r\nТвои печальные глаза \r\nХранят безликую тоску\r\nДавно не верит в чудеса\r\nНо видят мира пустоту",
    "publish": "2024-03-28T22:38:42Z",
    "created": "2024-03-28T22:39:01.277Z",
    "updated": "2024-04-04T20:07:39.600Z",
    "status": "PB"
  }
},
{
  "model": "blog.post",
  "pk": 8,
  "fields": {
    "title": "Россия",
    "slug": "rossiya",
    "author": 1,
    "body": "В окне я вижу вновь Россию\r\nЯ слышу вновь истошный крик\r\nОна устала и бессильна\r\nЕё великий дух погиб\r\nУшли под землю все таланты \r\nЛюдей гнию давно мечты\r\nНо мы повесили гирлянды\r\nВо имя праздника зимы",
    "publish": "2024-03-28T22:39:11Z",
    "created": "2024-03-28T22:39:28.030Z",
    "updated": "2024-04-04T20:07:49.888Z",
    "status": "PB"
  }
},
{
  "model": "blog.post",
  "pk": 9,
  "fields": {
    "title": "Счастие прощай",
    "slug": "schastie-proshaj",
    "author": 1,
    "body": "В душевных муках я сгораю\r\nЖиву в петли в сплошных досад\r\nБылую сущность потерял\r\nТо счастье не придёт назад\r\nЗабыл место, где мне рады\r\nЗабылись мысли без тоски\r\nМне не хватило той отваги\r\nЧтобы себя тогда спасти",
    "publish": "2024-03-29T22:20:02Z",
    "created": "2024-03-29T22:20:58.207Z",
    "updated": "2024-04-04T20:08:08.781Z",
    "status": "PB"
  }
},
{
  "model": "blog.post",
  "pk": 10,
  "fields": {
    "title": "Я люблю Настю",
    "slug": "ya-lyublyu-nastyu",
    "author": 1,
    "body": "Я очень люблю Настю потому что она самая красивая и классная",
    "publish": "2024-03-30T17:53:15Z",
    "created": "2024-03-30T17:54:09.588Z",
    "updated": "2024-04-04T20:08:34.289Z",
    "status": "PB"
  }
},
{
  "model": "blog.post",
  "pk": 12,
  "fields": {
    "title": "Дизайн",
    "slug": "dizajn",
    "author": 1,
    "body": "дизайн это круто",
    "publish": "2024-04-05T21:24:44Z",
    "created": "2024-04-05T21:25:46.914Z",
    "updated": "2024-04-05T21:25:46.914Z",
    "status": "PB"
  }
},
{
  "model": "blog.post",
  "pk": 13,
  "fields": {
    "title": "Markdown post",
    "slug": "markdown-post",
    "author": 1,
    "body": "This is a post formatted with markdown\r\n--------------------------------------\r\n\r\n*This is emphasized* and **this is more emphasized**.\r\nHere is a list:\r\n\r\n* One\r\n* Two\r\n* Three\r\n\r\nAnd a [link to the Django website](https://www.djangoproject.com/).",
    "publish": "2024-04-05T21:48:31Z",
    "created": "2024-04-05T21:51:55.703Z",
    "updated": "2024-04-05T21:55:31.822Z",
    "status": "PB"
  }
},
{
  "model": "blog.comment",
  "pk": 3,
  "fields": {
    "post": 10,
    "name": "Герман",
    "email": "hojad3@gmail.com",
    "body": "ДА! Я очень люблю Настю",
    "created": "2024-04-02T18:40:59.539Z",
    "updated": "2024-04-02T18:40:59.539Z",
    "active": true
  }
},
{
  "model": "blog.comment",
  "pk": 4,
  "fields": {
    "post": 10,
    "name": "Пабло",
    "email": "email",
    "body": "real love",
    "created": "2024-04-05T11:37:19.714Z",
    "updated": "2024-04-05T11:37:19.714Z",
    "active": true
  }
},
{
  "model": "blog.comment",
  "pk": 5,
  "fields": {
    "post": 5,
    "name": "Ilia",
    "email": "ilia",
    "body": "Yo no hablo rus",
    "created": "2024-04-05T11:38:28.173Z",
    "updated": "2024-04-05T11:38:28.173Z",
    "active": true
  }
},
{
  "model": "blog.comment",
  "pk": 6,
  "fields": {
    "post": 3,
    "name": "pablo",
    "email": "fads",
    "body": "Pablo",
    "created": "2024-04-05T19:03:17.584Z",
    "updated": "2024-04-05T19:03:17.584Z",
    "active": true
  }
},
{
  "model": "blog.comment",
  "pk": 8,
  "fields": {
    "post": 13,
    "name": "root",
    "email": "deaf",
    "body": "gaga",
    "created": "2024-04-06T20:42:36.473Z",
    "updated": "2024-04-06T20:42:36.473Z",
    "active": true
  }
},
{
  "model": "taggit.tag",
  "pk": 1,
  "fields": {
    "name": "django",
    "slug": "django"
  }
},
{
  "model": "taggit.tag",
  "pk": 7,
  "fields": {
    "name": "jazz",
    "slug": "jazz"
  }
},
{
  "model": "taggit.tag",
  "pk": 8,
  "fields": {
    "name": "ok",
    "slug": "ok"
  }
},
{
  "model": "taggit.tag",
  "pk": 10,
  "fields": {
    "name": "firstPost",
    "slug": "firstpost"
  }
},
{
  "model": "taggit.tag",
  "pk": 11,
  "fields": {
    "name": "secondPost",
    "slug": "secondpost"
  }
},
{
  "model": "taggit.tag",
  "pk": 12,
  "fields": {
    "name": "people",
    "slug": "people"
  }
},
{
  "model": "taggit.tag",
  "pk": 13,
  "fields": {
    "name": "free",
    "slug": "free"
  }
},
{
  "model": "taggit.tag",
  "pk": 14,
  "fields": {
    "name": "lost",
    "slug": "lost"
  }
},
{
  "model": "taggit.tag",
  "pk": 15,
  "fields": {
    "name": "dream",
    "slug": "dream"
  }
},
{
  "model": "taggit.tag",
  "pk": 16,
  "fields": {
    "name": "life",
    "slug": "life"
  }
},
{
  "model": "taggit.tag",
  "pk": 17,
  "fields": {
    "name": "yearning",
    "slug": "yearning"
  }
},
{
  "model": "taggit.tag",
  "pk": 18,
  "fields": {
    "name": "rus",
    "slug": "rus"
  }
},
{
  "model": "taggit.tag",
  "pk": 19,
  "fields": {
    "name": "mind",
    "slug": "mind"
  }
},
{
  "model": "taggit.tag",
  "pk": 20,
  "fields": {
    "name": "bye",
    "slug": "bye"
  }
},
{
  "model": "taggit.tag",
  "pk": 21,
  "fields": {
    "name": "IloveNastю",
    "slug": "ilovenastю"
  }
},
{
  "model": "taggit.tag",
  "pk": 22,
  "fields": {
    "name": "IloveNastya",
    "slug": "ilovenastya"
  }
},
{
  "model": "taggit.tag",
  "pk": 23,
  "fields": {
    "name": "dizain",
    "slug": "dizain"
  }
},
{
  "model": "taggit.tag",
  "pk": 24,
  "fields": {
    "name": "cool",
    "slug": "cool"
  }
},
{
  "model": "taggit.tag",
  "pk": 25,
  "fields": {
    "name": "markdown",
    "slug": "markdown"
  }
},
{
  "model": "taggit.taggeditem",
  "pk": 11,
  "fields": {
    "tag": 10,
    "content_type": 7,
    "object_id": 3
  }
},
{
  "model": "taggit.taggeditem",
  "pk": 12,
  "fields": {
    "tag": 11,
    "content_type": 7,
    "object_id": 4
  }
},
{
  "model": "taggit.taggeditem",
  "pk": 13,
  "fields": {
    "tag": 12,
    "content_type": 7,
    "object_id": 5
  }
},
{
  "model": "taggit.taggeditem",
  "pk": 14,
  "fields": {
    "tag": 13,
    "content_type": 7,
    "object_id": 5
  }
},
{
  "model": "taggit.taggeditem",
  "pk": 15,
  "fields": {
    "tag": 14,
    "content_type": 7,
    "object_id": 6
  }
},
{
  "model": "taggit.taggeditem",
  "pk": 16,
  "fields": {
    "tag": 15,
    "content_type": 7,
    "object_id": 6
  }
},
{
  "model": "taggit.taggeditem",
  "pk": 17,
  "fields": {
    "tag": 16,
    "content_type": 7,
    "object_id": 7
  }
},
{
  "model": "taggit.taggeditem",
  "pk": 18,
  "fields": {
    "tag": 17,
    "content_type": 7,
    "object_id": 7
  }
},
{
  "model": "taggit.taggeditem",
  "pk": 19,
  "fields": {
    "tag": 17,
    "content_type": 7,
    "object_id": 8
  }
},
{
  "model": "taggit.taggeditem",
  "pk": 20,
  "fields": {
    "tag": 18,
    "content_type": 7,
    "object_id": 8
  }
},
{
  "model": "taggit.taggeditem",
  "pk": 21,
  "fields": {
    "tag": 12,
    "content_type": 7,
    "object_id": 8
  }
},
{
  "model": "taggit.taggeditem",
  "pk": 22,
  "fields": {
    "tag": 19,
    "content_type": 7,
    "object_id": 9
  }
},
{
  "model": "taggit.taggeditem",
  "pk": 23,
  "fields": {
    "tag": 20,
    "content_type": 7,
    "object_id": 9
  }
},
{
  "model": "taggit.taggeditem",
  "pk": 25,
  "fields": {
    "tag": 22,
    "content_type": 7,
    "object_id": 10
  }
},
{
  "model": "taggit.taggeditem",
  "pk": 26,
  "fields": {
    "tag": 24,
    "content_type": 7,
    "object_id": 12
  }
},
{
  "model": "taggit.taggeditem",
  "pk": 27,
  "fields": {
    "tag": 23,
    "content_type": 7,
    "object_id": 12
  }
},
{
  "model": "taggit.taggeditem",
  "pk": 28,
  "fields": {
    "tag": 25,
    "content_type": 7,
    "object_id": 13
  }
},
{
  "model": "sites.site",
  "pk": 1,
  "fields": {
    "domain": "localhost:8000",
    "name": "localhost:8000"
  }
}
]
